ID,Description
shrt8,rebound rumble
shrt19,stevens
shrt4,lighthouse white
shrt13,cork shirt
shrt17,laser nationals
shrt18,osf 2012
shrt7,ironman green
shrt2,Sweeps green
shrt16,osf 2014
shrt24,hunter mtn
shrt15,osf 2013
shrt5,Stevens skiing
shrt11,ironman Orange
shrt28,RockSAT 2016
shrt20,rocksat 2017
shrt6,lighthouse blue
shrt10,Ironman blue
shrt29,FTC velocity vortex
shrt25,I need my space
shrt12,osf 2014
shrt26,sweep white
shrt14,osf 2013
shrt9,osf 2014
shrt3,osf 2014
shrt23,talk nerdy to me
shrt1,stevens sailing
shrt22,laser nationals
shrt27,laser nationals shrt
